23bc333e-295a-48d9-b873-0e3d5e882f95,The Joe Rogan Experience,ENGLISH
02e9bc0b-6985-4fcd-9398-ca8bd81dddd6,How I Built This with Guy Raz,ENGLISH
070e7951-a1b6-454d-9806-129874d68b29,Myths and Legends,ENGLISH
117ee8a6-7660-4462-84b7-791958351645,Revisionist History,ENGLISH
f371face-6b5d-4733-831f-3d242026248c,Planet Money,ENGLISH
16c0e8a8-2acb-4a66-b1ab-9c08f5d08616,The Tim Ferriss Show,ENGLISH
2360013c-09ba-4199-a0de-2d9b0caa6bb1,Making Sense with Sam Harris,ENGLISH
4aa0f263-0d63-40c8-a519-c988474c0a57,Darknet Diaries,ENGLISH
4d4195ba-ce70-40d8-ad2a-a6ace0f9d434,Limetown,ENGLISH
3d4cc5d9-b305-443f-aaed-7abc16e8239e,Lex Fridman Podcast,ENGLISH
3fa18f3b-d789-4e62-9d4a-c660ec680bb5,Freakonomics Radio,ENGLISH
5677e821-bd3a-4ecf-bcc0-3e93f73d6b83,"All-In with Chamath, Jason, Sacks & Friedberg",ENGLISH
5f7044eb-cb1d-4ec7-a1ca-c246f4a8737c,My Favorite Murder with Karen Kilgariff and Georgia Hardstark,ENGLISH
95fe212c-fb5d-4039-947a-8bc35a1efa8d,Radiolab,ENGLISH
966f6183-c68b-4803-ad98-144956e2f2ba,Waveform: The MKBHD Podcast,ENGLISH
afd89860-866c-4ceb-b4f0-c290d77dad90,Dan Carlin's Hardcore History,ENGLISH
98e96ffc-2353-431f-8f88-a9d838a8802c,Dan Carlin's Hardcore History: Addendum,ENGLISH
ce09ccb7-e48e-430c-80a0-0d3d631c99f1,Philosophize This!,ENGLISH
e81999d2-0ece-4794-b41e-489763a6237b,Song Exploder,ENGLISH
d682a935-ad2d-46ee-a0ac-139198b83bcc,This American Life,ENGLISH
007275ec-b29d-4ef3-b25d-e584dabf6fd8,Scam Goddess,ENGLISH
0101914c-c13e-4c9c-8c0e-85ddd56b1d8b,Happy Face Presents: Two Face,ENGLISH
013dab70-84bf-4de8-b0d8-b7cceaca921d,Louder with Crowder,ENGLISH
01464c1f-4d03-435e-a31b-81f34440be63,Call Me Candid,ENGLISH
02a23491-2146-45ea-9002-21b3275bf6bc,"Oh, Hello: the P'dcast",ENGLISH
02e966d7-bb9b-4e0b-8e0c-036370eea7f6,Slow Burn,ENGLISH
0318bc20-5b61-4732-bcc5-361c04abe244,Unexplained,ENGLISH
03c24b5e-e7f7-4d15-9f98-5fd24768cfe5,WorkLife with Adam Grant,ENGLISH
0430cb8c-35bd-4db4-b5f6-bf985322cf25,Sofia with an F,ENGLISH
04c02cc8-bef8-419d-bac3-c61a6ce3e19f,Harry Potter and the Sacred Text,ENGLISH
04d80fd6-64b3-4c69-9dea-923659b4c0a5,Two Girls One Ghost,ENGLISH
050fd02c-0550-4180-9e6f-c8bec35dc11d,Elevation with Steven Furtick,ENGLISH
05b0457f-0bc4-464b-8de3-b0d63084d19a,The Portal,ENGLISH
05deebb4-d3d0-4541-bc12-b32c0a307888,"Fake Doctors, Real Friends with Zach and Donald",ENGLISH
064e0bdf-1015-4bda-ba75-739099ee7ba8,Shawn Ryan Show,ENGLISH
064ea8ed-263f-4408-a57a-cd0b2748b1a8,Cinephobe,ENGLISH
06f464d6-ca11-4234-a9d7-34de94e7174e,WHOA That's Good Podcast,ENGLISH
07128be4-83ee-46ba-abf5-6d70b2e20d8e,Giggly Squad,ENGLISH
075bef27-dcf2-470f-861d-2f1213d06fee,SmartLess,ENGLISH
0789b2e6-a786-4d10-badc-21b7144e2308,"New Mindset, Who Dis?",ENGLISH
07e5f7a7-fa46-41e4-a5e8-5ed864591d66,Theories of the Third Kind,ENGLISH
08146843-ae79-452c-b0c3-531c4ed8ef7f,Conan O’Brien Needs A Friend,ENGLISH
08d51c6b-776f-473f-90fc-652ba3b1c43f,Fantasy Focus Football,ENGLISH
09577f71-dc9d-42ae-a2bf-7fbdadbf61f9,Business Wars,ENGLISH
09693ffe-f0ff-4248-b48e-7bc0eb6ca502,Exploring My Strange Bible,ENGLISH
098adf13-eaa9-4da6-9ff0-e49f1f90593e,Good Night Stories for Rebel Girls,ENGLISH
0a0f3847-e172-434f-9367-8b4e5150d9e5,The Magnus Archives,ENGLISH
0a10c2cc-bcb0-4729-a4e6-3cc5cd47edfe,What We Said,ENGLISH
0a1ee63b-cfd3-4dc8-8cb4-160adc27802d,The Check In,ENGLISH
0adaf7ad-8041-49e7-acf9-99aa3c5cd541,The Brilliant Idiots,ENGLISH
0b86c5da-bc84-4293-a68b-b53ef8b9aecc,Monday Morning Podcast,ENGLISH
0c1c5ddb-295f-4ab9-aa6b-32d766c276f8,Relatable with Allie Beth Stuckey,ENGLISH
0c378602-6780-4aa0-aadc-9fb2a55cdc3b,Swindled,ENGLISH
0cce334c-1e88-40d6-b9b4-a9dfb978035f,The Moth,ENGLISH
0d540b05-a184-4008-beb3-7013598deb73,Welcome to Night Vale,ENGLISH
0d6883c5-f396-4adf-83e6-2950c9353d22,Capital University ,ENGLISH
0d81a697-13b6-4321-8f5d-d8fc4e8c4fb3,The Basement Yard,ENGLISH
0dce924b-3583-4569-91da-5bd6abed91aa,The Bobby Bones Show,ENGLISH
0dd477b0-976e-4f37-98ac-28367a6f4b88,Pod Save America,ENGLISH
0e65af5f-dda7-4bcf-9d32-71b0393a718f,The Vanished Podcast,ENGLISH
0e85cbc3-43bc-46ba-b0a1-72c97ce805c4,Off The Vine with Kaitlyn Bristowe,ENGLISH
0efcc427-5fc9-4438-8da0-768087ae939e,Attitudes!,ENGLISH
0f5e22d0-ff65-43bf-aa3c-8fffaaeb4038,Giant Bombcast,ENGLISH
0f613097-f0a0-4f52-965f-9c842c022e87,Team Never Quit,ENGLISH
0f9e9914-b056-4c37-beff-d11878786a21,DarkHorse Podcast,ENGLISH
0fcc37b0-65eb-41a2-92f6-d7574a7e6eb3,The Shrink Next Door,ENGLISH
0fef67ed-704f-4f68-a49c-be76a993a69d,I AM RAPAPORT: STEREO PODCAST,ENGLISH
10295706-6824-4aa7-ad7b-93db0a3437b9,Small Town Dicks,ENGLISH
105ac479-0d25-4017-9686-0fba15e05618,"BFFs with Dave Portnoy, Josh Richards, and Brianna Chickenfry",ENGLISH
10e4fc0d-ba24-436c-9d90-f6c54da6adf0,On Purpose with Jay Shetty,ENGLISH
118e4dd9-d28e-4057-ac57-7bedacdc1dde,The Tiny Meat Gang Podcast,ENGLISH
11f6fe33-1c85-4b04-97d3-b7b65ae01508,PragerU: Five-Minute Videos,ENGLISH
127c4a04-e86f-4ef7-ba33-38f29a63a96a,Chicks in the Office,ENGLISH
127d76e8-8b2d-401a-ba94-384a0b456b1a,Scene on Radio,ENGLISH
13084743-5194-4588-a3d8-e4eb31a5eb11,Le Batard & Friends Network,ENGLISH
1341c61e-a597-4b01-8d34-96d738596407,Marvel's Wolverine: The Lost Trail,ENGLISH
13ba759e-3de5-4ec7-a9c9-ee1d604825dd,"Trump, Inc.",ENGLISH
150f54a7-d433-4381-b498-ea3bbdaa62c0,Even the Rich,ENGLISH
15f42baf-723b-4396-b42d-46684d159cc8,Le Batard & Friends - STUpodity,ENGLISH
161cbfe5-570c-496f-a6f2-960d9cf9c326,True Crime All The Time,ENGLISH
1639c205-79a7-40df-9d39-645902d3d4df,The Catch and Kill Podcast with Ronan Farrow,ENGLISH
16a208fe-583f-47d4-9d53-dab982023b5b,Criminology,ENGLISH
16e6fcae-d330-4a0e-9022-66d834df69eb,Transformation Church,ENGLISH
170ee6c4-b808-4db0-97b0-c4fa54e9c074,Hysteria,ENGLISH
1795d1da-619b-4844-8d22-4f451008edee,The Dan Bongino Show,ENGLISH
184d6d9e-204f-4615-81e4-7ab4f7e170cb,The Al Franken Podcast,ENGLISH
192d9fd5-0d40-4a60-b391-7ed9e0fd0465,Something Scary,ENGLISH
194c4374-dd51-4c06-989b-29456e549b14,The Indicator from Planet Money,ENGLISH
1a32c7bb-ffcc-42e5-8e5d-9418f115dc0c,Cocaine & Rhinestones: The History of Country Music,ENGLISH
1af11028-eb05-495f-bd63-8ebc371b1018,What A Day,ENGLISH
1b1ad03b-41dc-4c69-bfd3-dc3140985138,The Dropout,ENGLISH
1b91d996-2e88-4a0b-a4a9-10a499ab651a,Highest Self Podcast®,ENGLISH
1c713347-3ad0-4415-bcc0-51812cf6e097,Caliphate,ENGLISH
1cea23b9-87e0-48ce-84bc-86401c76797d,The First Degree,ENGLISH
1d1db488-fe02-409d-a25a-3791da143b73,Wonderful!,ENGLISH
1d343e46-3f57-4e23-bdae-0af3f5e83d97,The Thing About Pam,ENGLISH
1db71521-ddff-4f60-9efd-8ed54bda5a5b,Earn Your Leisure,ENGLISH
1e07eaa6-d151-4825-a8ec-604bf8fda33d,You Must Remember This,ENGLISH
1f14df6e-a01c-4a11-ae98-cef95d27d42f,Dear Hank & John,ENGLISH
1f3a6d43-46ee-4d6a-8b10-3461fb0821c7,No Lie with Brian Tyler Cohen,ENGLISH
1f650c1a-c8c0-4389-84a3-f0e7138ce8bb,Rooster Teeth Podcast,ENGLISH
1fa91ea8-3820-4863-ae8d-ce8b223fcd1d,HEAVY CHECKLIST,ENGLISH
2033a6c5-9046-452d-a3b1-c4ce58bc1506,Psychobabble with Tyler Oakley & Korey Kuhl,ENGLISH
2118c6e9-cd40-4124-a18f-80ddf882b289,No Laying Up - Golf Podcast,ENGLISH
21245607-8cd4-43b2-b393-e767fb8a4c8d,The Bible in a Year (with Fr. Mike Schmitz),ENGLISH
216a17c0-d2cd-4c93-87f8-c9636630a1a3,The Minimalists Podcast,ENGLISH
21bd004d-f2c2-4c98-a36c-ec605b4b9e4c,Celebrity Memoir Book Club,ENGLISH
21e4f53a-fcb6-43b0-8086-bb3126d04f59,The GaryVee Audio Experience,ENGLISH
21fa38c5-1f53-4c68-a124-0c181d18c478,The Matt Walsh Show,ENGLISH
2210bfd1-8e76-4af5-a277-8db05ecbe236,Gals on the Go,ENGLISH
22fb79b2-61a7-4bae-b1b2-a78dd7d37583,Stuff You Missed in History Class,ENGLISH
23af4abd-88aa-49f7-93ce-0f5e897819b8,Throughline,ENGLISH
2409a0a3-7e97-4d20-ab3e-1ea4d757fbd5,"GET REAL S4 w/ Ashley, BM, JUNNY, and PENIEL",ENGLISH
242edfe8-bd3b-4390-a07a-9950ba14addc,Chrisley Confessions,ENGLISH
242fa01e-65ae-40a8-af66-96d07c1ce605,Heavyweight,ENGLISH
244db1ab-37d8-4a35-ab58-a388e054b767,The Ramsey Show,ENGLISH
248b5162-b07b-42bb-9f8b-2465400c69a2,rSlash,ENGLISH
24d8c41e-f7e6-406b-9695-533043c21b17,The Michael Knowles Show,ENGLISH
256ae07a-6bd2-4520-8779-4c8f0b153346,The Toast,ENGLISH
25d81bb1-dc17-4daf-aa37-c39808eecb80,"The 85 South Show with Karlous Miller, DC Young Fly and Chico Bean",ENGLISH
26189eab-d5a3-41dc-8bab-5b5afa818a87,Judge John Hodgman,ENGLISH
262694cd-42fe-4fbc-98a5-a72b7a4e5307,The Mysterious Mr. Epstein,ENGLISH
2648b651-8f77-4068-afe8-8f35e838e99f,The Dave Chang Show,ENGLISH
26c3d165-6d72-4096-8049-b5b946d2f43b,The Clay Travis and Buck Sexton Show,ENGLISH
279c67bb-589d-4eeb-97c0-1f48bb313e4d,The Edge of Sleep,ENGLISH
27a96512-b2b7-4980-b2d9-4dcc5e6c43eb,Coffee Convos with Kail Lowry and Lindsie Chrisley,ENGLISH
283446dc-b84f-4e25-ac88-324a923ed9b8,30 for 30 Podcasts,ENGLISH
2881cf73-9647-4907-8430-168dd757aec1,This Might Get Weird,ENGLISH
288a403c-7853-48b8-951c-97a52d9f75ae,Bad Batch,ENGLISH
289539cd-138f-4776-861e-99a0dc18baff,The History of Rome,ENGLISH
28f9f10f-6f12-4bd7-b595-7700efd9287a,Newt's World,ENGLISH
298ffb23-ef36-4d9e-aa3e-2fc586ad0b8a,Girls Gotta Eat,ENGLISH
29f59035-2e45-41cb-96fc-ae43bb510db4,Real Time with Bill Maher,ENGLISH
2a039c30-97c3-414a-8b6c-8b6f25e32e5f,Imagined Life,ENGLISH
2ab15e4c-5e15-4195-a843-b38295a8ba2a,Every Little Thing,ENGLISH
2aec58f6-a2fe-4d45-a7e5-175fda5a2a3d,Past Gas by Donut Media,ENGLISH
2b232b45-c667-488c-b2b9-63e175ef7d19,The Official Podcast,ENGLISH
2c538cbe-6859-469d-86f9-fe9170087616,Wow in the World,ENGLISH
2c67138b-67e6-4659-a0fd-623e3b6ead97,The MeidasTouch Podcast,ENGLISH
2c88657f-a5b4-43cc-9ee8-b2691cfe04df,On the Media,ENGLISH
2c8a51cd-5129-4512-ad1e-40765603ae7e,The Breakfast Club,ENGLISH
2d824e6f-99a2-4197-9f51-03b36941e3b4,Juicy Scoop with Heather McDonald,ENGLISH
2d9900e1-677d-431f-ae74-38acedcfc111,The Right Time with Bomani Jones,ENGLISH
2daf593e-4287-4c09-86dc-c4432f3a03bd,Bananas - Funny news from around the world with Scotty Landes and Kurt Braunohler,ENGLISH
2e7386d7-1c59-4214-a6ba-2eb79be31159,The West Wing Weekly,ENGLISH
2f1c35b4-5540-41f1-a5ae-6641eff0443c,The Life Coach School Podcast,ENGLISH
2f7d8030-15cb-468e-87c8-99d306f8a27b,Getting Curious with Jonathan Van Ness,ENGLISH
2f7e334f-3e71-4239-96ac-4ed9c8b0d294,Crime in Sports,ENGLISH
2fcc5f26-f335-4b1a-9f12-6266d7afb881,BibleProject,ENGLISH
307a9044-399f-4709-8aa2-50535e6e2d39,Matter of Opinion,ENGLISH
309005f7-2b22-4d58-a1a5-9c0f8189256e,Astonishing Legends,ENGLISH
30b245da-9fed-4355-8352-d59e764d45c3,Good For You,ENGLISH
30c24335-f5e0-4b29-b1da-2925cffc5336,Overheard at National Geographic,ENGLISH
313c383d-ed2c-48a4-aeaf-29727353ed19,Abundant Ever After with Cathy Heller,ENGLISH
313c4431-f3e9-472d-9c50-58a3e0e42d17,Watch What Crappens,ENGLISH
3195e29d-d8b0-4de3-8f32-7d7331d879cc,Million Dollaz Worth Of Game,ENGLISH
31f547ff-ce94-45cd-a8c5-e62ff3ffbe58,BEHIND THE SCENES,ENGLISH
320eb216-a3d0-4d7e-b4f4-d21f57ba1f0b,Over My Dead Body,ENGLISH
3241c565-0eb1-4705-a540-90c40b727b81,Literally! With Rob Lowe,ENGLISH
333049de-30e5-4a0d-983e-bc296b5190e0,Scared To Death,ENGLISH
3364c986-57ba-435c-9f79-5f7e02ddf3ea,TigerBelly,ENGLISH
33c66ab5-da59-49d3-8ef8-6d02aa5a3079,REAL AF with Andy Frisella,ENGLISH
3429fe97-4c8a-4ab0-9962-c272d70acdbe,Barstool Radio,ENGLISH
345212ed-525f-4383-86ca-b66f262fdcf3,"My Brother, My Brother And Me",ENGLISH
34b281c8-6040-4602-a9df-22fc0e5a0b6e,That Sounds Fun with Annie F. Downs,ENGLISH
34cdcc20-f634-4f53-adfa-558aed21ba16,Sex With Emily,ENGLISH
354bf091-b48b-45f4-b63f-6a582a1768e4,The Word on Fire Show - Catholic Faith and Culture,ENGLISH
367b57dc-de14-47eb-b88d-4267d2b8b85b,Stay Tuned with Preet,ENGLISH
37ce7156-9d31-492d-aa5d-c219f02963df,Dead Ass with Khadeen and Devale Ellis,ENGLISH
383d8ae2-918b-436f-bf9d-8f90c98bc005,Wild 'Til 9,ENGLISH
387f9352-6939-42eb-9c8f-821b9db8e1bc,Rabbit Hole,ENGLISH
38adf942-c512-4d1c-a765-a134c91abcbe,Dolly Parton's America,ENGLISH
38ff5030-c6d5-4a8a-90a1-173a5c7745ef,Be There in Five,ENGLISH
3a2c513c-86e6-44af-b11d-c2d10eea522a,Chasing Life,ENGLISH
3a8d3cdf-b2aa-4c97-abdf-5b6787cbf0fe,Science Vs,ENGLISH
3aba1529-8814-4fbb-9f56-234be84fc7fb,The Sean Hannity Show,ENGLISH
3aec5604-3e30-4bd0-b045-366db7c989b6,Political Gabfest,ENGLISH
3bf996e4-07f6-43a8-b17c-f54eddd8b00e,The NoSleep Podcast,ENGLISH
3c0c5a59-4750-435d-a2e2-3448b5037f66,"Newcomers: Sports, with Nicole Byer and Lauren Lapkus",ENGLISH
3c68301b-a80a-4761-800c-44b16f2d7e7e,Radio Rental,ENGLISH
3da8d959-123c-4bb8-ae61-a3d2f63384cb,H3 Podcast,ENGLISH
3e74a161-3d59-4385-879c-8732ae9c46c0,Drink Champs,ENGLISH
3e844427-64f7-49d5-b2a6-df59cf1e50f3,supermegashow,ENGLISH
3ed5621d-5a05-44c1-a6d1-90b77c1500b6,The Model Health Show,ENGLISH
401262a6-c6c1-423b-86c8-9282048449a5,Savage Lovecast,ENGLISH
4025b71d-cbdc-4e2f-8a56-1a897acfae5a,The Instance: Deep Dives for Gamers,ENGLISH
4069c355-6c00-485d-8b83-974682bc7ea9,Mile Higher,ENGLISH
4095781f-94bb-4e50-8195-3e0989940a83,Fair Game,ENGLISH
415125c3-685b-4286-a176-0e11a3fe432b,Oprah's Super Soul,ENGLISH
41fd72d7-2e6e-4b5f-923b-c3a938eb5b78,This Is Important,ENGLISH
42f3a19a-965b-418b-9176-2c8b697d4c3f,My Dad Wrote A Porno,ENGLISH
437b3e05-05e8-4723-aa4d-8933df7c9925,You're Wrong About,ENGLISH
43b1770a-6ef8-4343-9121-6d2015cb8421,Relative Unknown,ENGLISH
448c352f-4048-4cea-853f-d4930f373aab,Rise Together Podcast,ENGLISH
44b5ca07-48cc-448d-adf3-3acad253ef7f,The Patdown with Ms. Pat,ENGLISH
44df0902-ab22-4d52-ad6c-af2c072bfafa,The Chernobyl Podcast,ENGLISH
45a88def-4519-491b-9401-fd96e31d176f,Reveal,ENGLISH
47149818-7ffa-4e18-befe-2425d861e463,Absolutely Not,ENGLISH
47312fa1-1539-4f8c-b788-4f86bcbdd8e3,KFC Radio,ENGLISH
477eeb35-c7b2-445c-be35-21771b3ea66d,LeVar Burton Reads,ENGLISH
48288f22-c9e8-4d44-8694-0c51b3e7ad04,Sibling Rivalry,ENGLISH
4844fef2-a19a-4318-85af-c4bb6cac2b91,Bill O’Reilly’s No Spin News and Analysis,ENGLISH
4882af9e-81ee-4391-b269-08efe011d223,Story Pirates,ENGLISH
492e3b72-d21a-4b7b-98af-621e7cc674ad,1619,ENGLISH
495ac61d-57b0-4290-ba09-30451020b54c,Anna Faris Is Unqualified,ENGLISH
4994663c-20fc-4aef-bd1d-71ce48383c05,The Spillover with Alex Clark,ENGLISH
4aff5124-4c9f-4c5d-9cfd-138111e23ffe,Crime Stories with Nancy Grace,ENGLISH
4b09d3fa-cb0c-45b5-a553-f0fd145c173f,This Is Actually Happening,ENGLISH
4bad1141-4a90-4461-a613-ce09990f1c91,Unashamed with the Robertson Family,ENGLISH
4c8366cd-ffb6-4aec-b825-1cd0ac38790e,THE ED MYLETT SHOW,ENGLISH
4c9cf081-f317-4ba8-93c3-0a1438543b86,Mind Pump: Raw Fitness Truth,ENGLISH
4d318282-ac48-433e-8d61-6158179265bb,LadyGang,ENGLISH
4e883d98-43d1-4ac7-8de8-4afc13244393,Up First from NPR,ENGLISH
4f11daec-6bf3-4e76-997d-c8cad5779ec1,Fireside Chat with Dennis Prager,ENGLISH
4f220413-744e-4901-96f1-9ebcb30f621d,The Jordan Harbinger Show,ENGLISH
4f7dcebd-71a6-40df-a5bd-13ef85eb816b,You Can Sit With Us,ENGLISH
4f825401-baeb-4140-9044-35dfa9fbd463,Snap Judgment Presents: Spooked,ENGLISH
4fa129a7-d14a-4759-b5be-36d9fecc3eff,99% Invisible,ENGLISH
50a2b604-4524-43fd-a73a-1c16c569a099,Morning Joe,ENGLISH
51412402-49e9-4401-afb4-078bfaf12749,Sunday Homilies with Fr. Mike Schmitz,ENGLISH
515997a2-2e3c-4b5a-b2a2-55d947db0eb9,Happier with Gretchen Rubin,ENGLISH
51c8621c-5145-4e72-b66f-a444e54376f4,The Minds of Madness - True Crime Stories,ENGLISH
52011e0d-804e-476f-8b02-85db45a02568,The Pod,ENGLISH
521aa8c4-ebe9-40ba-8167-371bb3f50ee9,"Today, Explained",ENGLISH
52c172b1-3e84-4e8f-b378-d2dd3026229e,Real Crime Profile,ENGLISH
53571e69-2b77-416e-8549-1920910d2f35,Let's Not Meet: A True Horror Podcast,ENGLISH
5414d8bb-9c95-4618-9030-4f6f119abb04,The Health Code,ENGLISH
54380e36-e2a5-4150-8d58-e6e1160b575f,This Podcast Will Kill You,ENGLISH
54a92012-a1b8-4b11-9734-7c8188c9987c,The Steve Austin Show,ENGLISH
550b4a4f-b549-49b8-94a2-8a76d8f2ad90,Cutting The Distance,ENGLISH
55790633-7700-4de1-8169-86f6f26698f9,Homecoming,ENGLISH
55ad6ef7-141e-43d7-887f-f3aabf8ff0d8,White Lies,ENGLISH
55b6c43b-3b44-4a12-a7df-49b95a662c38,Start Here,ENGLISH
5643eb36-6465-4e3e-88bd-fd1297f15786,The Lazy Genius Podcast,ENGLISH
5677f369-bb80-4862-af22-b75cd06bca71,Casefile True Crime,ENGLISH
56d7215c-1170-4607-afe9-a604b140e156,Insanely Chill w/ Cody Ko,ENGLISH
570f8bfd-10d4-46f3-b681-f162d0bae277,RedHanded,ENGLISH
57f6bb4e-9e10-4e62-9804-f6987f995a12,Duncan Trussell Family Hour,ENGLISH
582cf618-8baf-4f17-9fd3-e86da5eb8bdd,PTI,ENGLISH
58313a77-1743-47ad-960e-da41be2edaa4,Beautiful Stories From Anonymous People,ENGLISH
584ca59e-73e1-4811-8501-bd5ecc1c8ce4,Commit Or Quit,ENGLISH
58d063f2-7813-4659-806b-5e8602997bbb,The Goal Digger Podcast,ENGLISH
597cf4cc-4088-4435-a95a-466db04f8a76,Bear Brook,ENGLISH
59bfd218-ce42-4d56-9178-b0aaa066a052,The Rich Roll Podcast,ENGLISH
5aa1a1b8-2879-46ae-b0ae-a25bd65af2f0,Why Won't You Date Me? with Nicole Byer,ENGLISH
5ae64c7a-1d3c-4e7e-9d53-f854a30de0c7,MSNBC Rachel Maddow (video),ENGLISH
5aef12b3-517e-4a05-8936-16f63e66aef5,Atlanta Monster,ENGLISH
5b74646b-c50f-4c77-8f9c-ef37bba5574a,Jack,ENGLISH
5ba4fdac-30c2-4a55-b8ed-9ff0b4c4f6b6,Dumb Blonde,ENGLISH
5ba6596d-e26d-426c-a7d5-34bd41005867,2 Dope Queens,ENGLISH
5c38907e-fd99-493d-a82f-c442f8705f3f,S-Town,ENGLISH
5cb7b0f7-717b-405a-9878-32dee28a7e62,The Unexplainable Disappearance of Mars Patel,ENGLISH
5e04ca0a-abe4-4a5c-b0e7-e374bb8498c1,The Bill Simmons Podcast,ENGLISH
5e07229c-2b6e-4e74-9190-502723711063,The Rubin Report,ENGLISH
5ef8b6d4-3d14-42a1-a4b3-5c41c2bf69e0,The Tony Robbins Podcast,ENGLISH
5f7d1d04-06ac-49da-ae73-912f95240c1b,The End Of The World with Josh Clark,ENGLISH
5f9d30f1-60b4-422f-ba35-2492f573ab3e,The Trent Shelton Podcast,ENGLISH
5fec0e52-b832-420d-9695-d3e6db0eed41,Gangster Capitalism,ENGLISH
60a36866-3886-44ff-bc6e-16a52e329f5e,StartUp Podcast,ENGLISH
60c63425-bfb2-45c2-bad0-be9f014c68b2,Pod Save the People,ENGLISH
60def796-e182-4542-9b92-4fb885180c18,WTF with Marc Maron Podcast,ENGLISH
611680e6-13b1-40c7-9b5f-1c92ca373896,Las Culturistas with Matt Rogers and Bowen Yang,ENGLISH
6152f764-2266-4193-b9aa-57859aa86637,In the Red Clay,ENGLISH
6174f30e-6980-468d-8b7a-c655d7d6f8fc,Against the Rules with Michael Lewis: The Trial of Sam Bankman-Fried,ENGLISH
622304c1-8e39-4cf8-b76f-2cbf4281a747,The Axe Files with David Axelrod,ENGLISH
623a949d-16b8-4257-a8fb-db277317e0e2,The Daily Show: Ears Edition,ENGLISH
62c682bf-136c-4f72-9c47-560bde646833,The History Chicks,ENGLISH
638ba573-4520-4673-8c8e-8b3cc5cefb75,The Rachel Hollis Podcast,ENGLISH
63ef575b-14a7-4c8d-b4ee-676889ec2f3c,CHARLI AND DIXIE: 2 CHIX,ENGLISH
647900f6-dca1-4222-b8f0-0208d0b0144b,The HoneyDew with Ryan Sickler,ENGLISH
64ebac01-9bca-4543-aa68-75248b1b319b,Common Sense with Dan Carlin,ENGLISH
6616da77-aa98-4b86-ae1e-e7dc2e0aa748,Dungeons and Daddies,ENGLISH
667fd4e2-8788-4a9f-b573-f1781a297b36,Southern Fried True Crime,ENGLISH
66f46cfe-bbb8-42b6-8c84-4f5f4b8cc347,Carrier,ENGLISH
67d4aba0-44e9-40bd-b18a-7930c36368ec,Greeking Out from National Geographic Kids,ENGLISH
67f162b3-75f6-4623-ac6b-521b1469de25,Cleared Hot,ENGLISH
682dc1d8-2d1c-4452-8cb0-7aa64e9c6f1a,Therapy for Black Girls,ENGLISH
68583e35-188e-4a56-94bb-654140269f2b,The Art of Manliness,ENGLISH
6877da7f-fc1a-4133-96aa-16b5fe6c5aea,The Connect,ENGLISH
6890a287-b801-40ae-abc4-2606f761d067,Daebak Show w/ Eric Nam,ENGLISH
69592b31-366a-4be9-87a5-2447242ec7b8,Red Ball,ENGLISH
695a9008-fae7-4129-befe-183585e83a8b,Truth & Justice with Bob Ruff,ENGLISH
696d3a4d-3f1f-497d-8b26-a7aca1fa7770,Court Junkie,ENGLISH
69e792cd-6ca1-4b7f-ac45-7599c41188f1,"Death, Sex & Money",ENGLISH
6a8555c1-aa30-41ff-8847-47f6defc482f,The NPR Politics Podcast,ENGLISH
6ad73d76-d5a1-47d9-9bac-487a6b9a3848,Reality Life with Kate Casey,ENGLISH
6b2ee7a4-deb8-4747-b82e-72773e2c9de4,Chapo Trap House,ENGLISH
6b366b96-55e4-4c9c-b46f-aa099f8ec04a,The Lowe Post,ENGLISH
6c24c14b-1857-4b9d-aeb3-919b265cc5b6,Believed,ENGLISH
6c2f08c5-27eb-4bd2-9517-40048b7c4f31,Broken Harts,ENGLISH
6ce2321d-574a-4dfc-9837-38cf907a626e,Blackout,ENGLISH
6ce39203-dca1-4eb5-9a52-021cfa3f0b29,Your Favorite Thing with Wells & Brandi,ENGLISH
6d371452-1cca-421e-bef7-55fc85858fec,"The Doctor's Farmacy with Mark Hyman, M.D.",ENGLISH
6d7deb11-15ad-4728-94f5-676cc44326df,Morbid,ENGLISH
6da11f9b-8a79-41ad-9c21-30283d1fa6d0,Fresh Air,ENGLISH
6e3f4aba-28b3-469d-b64f-4f301e5e0770,The Adam Friedland Show Podcast,ENGLISH
6e6ece84-84e2-4993-86ab-bb150f9be279,Rumble with Michael Moore,ENGLISH
6f1bbc4f-7cf6-4bd1-a7f7-485f689a4e7f,Sasquatch Chronicles,ENGLISH
6f25c641-9e5e-491d-a59a-696686107d08,Tara Brach,ENGLISH
6fea2655-019f-4e8b-9376-f9da8d2058f7,The TryPod,ENGLISH
700a700a-6fa2-4932-8769-8c4a5a91a4c1,The Oath with Chuck Rosenberg,ENGLISH
703a5aed-6979-4c40-8326-c786663bee68,Small Doses with Amanda Seales,ENGLISH
7064cfeb-6f86-4c0b-a2f9-f5652319b934,Murder With My Husband,ENGLISH
707cdb48-d6c2-43da-add7-6279fc590cf6,Do You Need A Ride? with Chris Fairbanks and Karen Kilgariff,ENGLISH
70d0db1a-664f-47fd-a991-370898d405e8,Losing 100 Pounds with Corinne,ENGLISH
71359a91-ca31-4225-b2f3-03eb9471e661,Bad Friends,ENGLISH
719f6c45-aa47-440b-80f9-70caa5d5a33d,Undisclosed,ENGLISH
71f97908-51a5-4f26-8976-b50ec49e2d20,Texas Monthly True Crime: The Problem With Erik,ENGLISH
7213f37d-cf8c-4090-9f07-04231985cdf7,The Skinny Confidential Him & Her Podcast,ENGLISH
72c1f443-f5a5-421c-91eb-596acde3885d,Crimetown,ENGLISH
73152044-5e1c-4777-9fe9-0c569cb480f3,The Corp,ENGLISH
7378cbe6-a0b3-42f3-b506-36dde1df224d,Dying For Sex,ENGLISH
748222b4-16d5-4108-9bc1-00c22c9ca1ac,BiggerPockets Real Estate Podcast,ENGLISH
748cea04-cbeb-463c-ad28-505106a0cebe,You and Me Both with Hillary Clinton,ENGLISH
749b9878-35c9-4695-969c-21459fd187d2,Matt and Shane's Secret Podcast,ENGLISH
74aa0609-30bb-4977-87f0-39c3c2cbe656,The Happiness Lab with Dr. Laurie Santos,ENGLISH
74bbf13a-ef69-4753-a36d-1e1079455a0f,Better Than Happy,ENGLISH
74d00e6b-ebbb-4f1c-ab55-a2dd823bd99e,Accused,ENGLISH
75115246-7fd0-4650-976a-4b0a6e441ae5,Your Own Backyard,ENGLISH
756e5b60-527e-4a27-8e31-09a8632a40a7,True Crime Garage,ENGLISH
758386f7-6253-470c-be32-572be0ef55e0,It's Been a Minute,ENGLISH
75cf7190-16d7-45ca-b734-8a077006a6a8,Down The Hill: The Delphi Murders,ENGLISH
75d5dd96-e16a-4281-a526-05745e18a8ec,Fore Play,ENGLISH
75eae0a2-90f3-45e8-869c-db00d959bc60,Pod Save the World,ENGLISH
75f1f481-7b8c-44ed-bf06-976aa68a1051,The Weekly Planet,ENGLISH
75f25a74-c318-411e-8ee5-eee3e9ad2e9d,The Pat McAfee Show,ENGLISH
75feba8e-194a-4e09-8fe3-2687e008462b,Circle Round,ENGLISH
76b3cd1d-68d2-478e-8aea-19f48c3651d7,The Breakdown with Shaun King,ENGLISH
76f5c009-768b-4df5-a278-47d8ad5d66a3,Confronting,ENGLISH
77129755-c2fa-42c3-a68c-edf31994d139,Le Batard & Friends - Mystery Crate,ENGLISH
771af53d-67d8-4e7b-b059-c73a541d4722,Michelle Obama: The Light Podcast,ENGLISH
77463435-ab26-4af3-96d7-b9173f5d6ff3,TED Talks Daily,ENGLISH
77f33960-4a92-4c9f-87ca-3714ce142473,The Charlie Kirk Show,ENGLISH
783f382c-9288-47e3-9783-5bb221e27972,The Friend Zone,ENGLISH
78666ab9-7d12-4ba5-99c6-cea9a90f4b91,Timcast IRL,ENGLISH
7872fb47-ec94-4eb4-984d-c6ffaf9327ea,Voices for Justice,ENGLISH
79c5f91b-26fa-47c5-ba90-9fc7fdb9c8e8,The Candace Owens Show,ENGLISH
79dccadd-9e80-4d52-9890-a28a2c6dfa1f,The Bald and the Beautiful with Trixie and Katya,ENGLISH
79edf7ff-ab6e-4926-9379-de0e93aca241,Noble Blood,ENGLISH
7a2a88ea-9662-43ee-9f55-d823eb1408f2,Spittin Chiclets,ENGLISH
7a2c2c04-9ba0-4c3b-95b0-52f6251c035b,Up and Vanished,ENGLISH
7aab1c0a-1197-4c3d-a60e-929b2613a194,Masters of Scale,ENGLISH
7b2659e9-849b-4469-b383-03dead87b71c,Office Ladies,ENGLISH
7b42315a-a2b2-415b-81d0-83f3f2cbe401,The Speidi Podcast,ENGLISH
7c0df851-208a-45d1-9f6f-29f1091025a9,TED Radio Hour,ENGLISH
7c2aa2f1-f2e9-4c9d-a7e3-e833660ba249,The Peter Attia Drive,ENGLISH
7c44cab6-e6e4-407f-a3cb-597f4cf066e0,Monsters Among Us,ENGLISH
7c80b1d8-629b-4452-81f8-5c95cede8ffc,The Dream,ENGLISH
7c86999c-6707-49da-b308-cb2dc0f49c0a,Timesuck with Dan Cummins,ENGLISH
7db7190a-b02d-42e1-8a47-3fcd935b009f,Code Switch,ENGLISH
7e8a9798-322b-465c-b44e-e30ddbe8806e,The Happy Hour with Jamie Ivey,ENGLISH
7e96c6a3-806d-44d4-8c47-33e7aea4aba2,Woman Evolve with Sarah Jakes Roberts,ENGLISH
7e9eae3f-93b4-4483-896d-03c430f805d9,The Read,ENGLISH
7ee12b6b-9b96-41df-889c-e927d40353ce,Global News Podcast,ENGLISH
7f4f7aba-5c78-4737-bd57-24c2fb41e29e,U Up?,ENGLISH
7ff4b4c5-5358-428a-9df7-b5535e2c2bb9,The goop Podcast,ENGLISH
80d60113-63fb-4da0-b5cf-551b3b6c00d9,Timothy Keller Sermons Podcast by Gospel in Life,ENGLISH
81b2a312-6976-4d22-bc54-4e3991fee332,Pop Culture Happy Hour,ENGLISH
81d24cbf-1977-4e98-a437-7d5580ec44a8,Stu Does America,ENGLISH
81df3fb2-c3d3-4431-8db1-3766324c5ebb,Modern Love,ENGLISH
82e264d7-1c8c-4df7-ac14-d7622d11b357,Pints With Aquinas,ENGLISH
833095bc-8556-4fbe-b781-deefbbc9eb65,The Ballad of Billy Balls / The RFK Tapes,ENGLISH
8370eb65-bee2-4878-94d3-4e59a16d789d,Lovett or Leave It,ENGLISH
83cbf100-c0b7-4073-8ae3-170ccdea17ab,Dissect,ENGLISH
83db46b3-a49b-437e-a8ee-6d548d6b1d71,Here's The Thing with Alec Baldwin,ENGLISH
83e5b585-ea95-4985-9b16-4d1a67700db1,Dirty John,ENGLISH
8402bab9-9cf4-4ae3-8023-5b6c56ba8d17,The Adam and Dr. Drew Show,ENGLISH
845ee184-3a24-49ba-a34f-1e360f4c4170,Couples Therapy with Candice and Casey,ENGLISH
84748a30-197f-47af-976a-b25d53c23a65,Tony Evans' Sermons - Audio,ENGLISH
850acf80-d4c6-4b0c-83a9-02ed689c3d28,Born to Impact,ENGLISH
8527ce5c-9526-4c5e-8699-1ae8771eab7b,The Ben and Ashley I Almost Famous Podcast,ENGLISH
85d37d4c-7121-4600-87b0-3b8fa8849f5b,The School of Greatness,ENGLISH
86e04d75-f030-4283-a982-cee10147a465,Dr. Laura Call of the Day,ENGLISH
871a66eb-840c-46d8-b346-2aaaeb33bb5e,The Skeptics' Guide to the Universe,ENGLISH
87f7636a-e0fe-4737-9295-f0322ecbb98a,Correct Opinions with Trey Kennedy and Jake Triplett,ENGLISH
88060a1a-1542-4c3d-9292-a946fe7f82a8,The Best One Yet,ENGLISH
88897815-f021-4b20-b211-309925748829,Stuff To Blow Your Mind,ENGLISH
88b76e44-4d1a-4225-bc2f-d11d26e36bf6,True Crime Obsessed,ENGLISH
88c90442-a6d3-4863-90cb-b44f50e67d1b,The Trey Gowdy Podcast,ENGLISH
897cff98-b79d-4273-a344-cc4e60fe0db1,Six Minutes,ENGLISH
89d8c6cb-1c12-476b-85fa-d9fe9c613c89,Jim Harold's Campfire,ENGLISH
8a428fa8-7d9e-41e1-baa2-2812933c922d,Park Predators,ENGLISH
8a48dd07-8b6d-4b3c-9c7c-a82ffdeb5c3d,This Past Weekend w/ Theo Von,ENGLISH
8a63d6bb-da5b-454a-827a-350c81555880,Through the Wire,ENGLISH
8ad72dc8-fe2a-4075-b5e3-b0d9a52b572f,Sword and Scale,ENGLISH
8b033698-7739-4735-9589-fd17ddcc062c,So Supernatural,ENGLISH
8b597c16-a699-462f-8802-28dc6d9ea7f5,The Briefing with Albert Mohler,ENGLISH
8b5ae2eb-59ba-4efc-964a-1a832dbc28b9,Gladiator: Aaron Hernandez and Football Inc.,ENGLISH
8b5d4feb-292a-4da9-b1e8-502af6df433f,Cold,ENGLISH
8ba203ae-6fef-4611-94c4-d8a137c984ed,NFL Daily with Gregg Rosenthal,ENGLISH
8bfaa1a7-bd81-47a7-854d-96f73226f980,Ten Percent Happier with Dan Harris,ENGLISH
8c3156e8-8a26-49cf-8b02-b69e02a3b22b,For The Love With Jen Hatmaker Podcast,ENGLISH
8c820d43-2864-4ea6-a88c-ae6177a6497d,Pretty Basic with Alisha Marie and Remi Cruz,ENGLISH
8c9998d7-7114-4514-ab17-1a0ad05f73fc,Mystery Show,ENGLISH
8cbf643e-83d6-48fc-9170-db3657eaa080,Anatomy of Murder,ENGLISH
8cedbbb4-289e-4aa7-9ac1-5343febf8fc8,Alison Rosen Is Your New Best Friend,ENGLISH
8cfa497b-c230-4582-b738-ca0f8ad96963,Zane and Heath: Unfiltered,ENGLISH
8cfb5814-691e-4b01-b313-fd374a86c5dd,The Way I Heard It with Mike Rowe,ENGLISH
8d38a311-826e-4c14-b361-b63924c692f5,American Scandal,ENGLISH
8d46c10b-89ef-4bf7-971f-00e1ab4880de,The Rewatchables,ENGLISH
8ddc32db-3355-423a-92df-4df3165f2698,The New Day: Feel the Power,ENGLISH
8ec51e54-f48d-4be1-ad7b-8fb290d9a7fd,Under The Skin with Russell Brand,ENGLISH
8ec964df-93de-441c-ad76-e7c1fe35a4df,The Adventure Zone,ENGLISH
8f155e96-cd91-441c-a987-05ae511bcafd,Steve Deace Show,ENGLISH
8f51205a-44b2-4a15-8f36-848e0ed312fd,Reality Steve Podcast,ENGLISH
8f59c920-f916-4566-8614-61593d57a335,Congratulations with Chris D'Elia,ENGLISH
8fc8605b-5e10-4cd5-8ec9-4b762bbb4385,And That's Why We Drink,ENGLISH
8fde43af-dd9c-42a3-b5b3-cfe4c4c4b079,"The Secret To Success with CJ, Karl, Jemal & Eric Thomas",ENGLISH
929cbb22-83bf-4fdb-912d-9b7d683dc59d,Graham Allen’s Dear America Podcast,ENGLISH
944e304e-54eb-4e6f-973c-120e5607e1a9,VIEWS with David Dobrik & Jason Nash,ENGLISH
946409e9-a8ec-4469-af44-49cd31681b71,Revolutions,ENGLISH
949c2bed-d849-4489-aca7-2798c99d62ce,CLUBLIFE,ENGLISH
950b24f1-b4ec-49a0-9a4c-6665c59631d7,Uncover,ENGLISH
953be3a6-bc0e-406b-8ea6-07ae6ce31495,Tim Pool Daily Show,ENGLISH
95bf6625-c218-4e8d-a948-48d17e8e9bbd,Drinkin‘ Bros Podcast,ENGLISH
96441da2-49f5-4383-a658-fdb51fc2e0c0,Scrubbing In with Becca Tilley & Tanya Rad,ENGLISH
9761ea6c-217f-4fae-97b3-84faa3dcdd00,NPR News Now,ENGLISH
977dd7f7-b89b-438b-81c2-bebf972eba7a,anything goes with emma chamberlain,ENGLISH
97d5bbd3-34b2-4a1e-9c01-cc319eb368bc,Full Body Chills,ENGLISH
97f88b08-caad-43b5-b6c4-13d79fc44c2c,Still Processing,ENGLISH
98fb89b7-23dd-4501-a03a-b4a375e926f5,To Live and Die in LA,ENGLISH
99157d6b-a144-445a-a731-b6c84c417486,Dateline NBC,ENGLISH
99418206-4419-469a-80ed-1b0ff967c3c6,FiveThirtyEight Politics,ENGLISH
99928c93-f4e6-4452-9d58-74bd8d9a1ca7,Hodgetwins,ENGLISH
9ade51ea-5c19-4e1f-bcad-dc53c6bf1ec1,Whiskey Ginger with Andrew Santino,ENGLISH
9b5cda71-8728-485c-930b-031ec2aab11a,Jenna & Julien Podcast,ENGLISH
9c936b43-0bfc-46a2-9627-06a21e0a2a48,Fictional,ENGLISH
9d4ec4e5-37cc-4716-a7d6-5d98235ab7be,Hello Internet,ENGLISH
9d874d17-fe25-4cbb-a802-ce65f7c198a1,Reply All,ENGLISH
9de74b9e-45c5-450b-913e-02d90d16d222,Fantasy Football Today,ENGLISH
9ea801fd-5a23-46b8-8f0b-a8294f979d72,Young House Love Has A Podcast,ENGLISH
9fb9115f-ef6d-4fd9-b357-9da12b41e3c4,THE SAVAGE NATION,ENGLISH
a02b089f-db4c-4e79-ae62-32cacdfc0958,THE OFFICIAL MEA CULPA WITH MICHAEL COHEN ARCHIVE,ENGLISH
a15620db-bcac-46f8-a059-c215aac8f473,I Think Not!,ENGLISH
a29f9601-7645-4620-bd99-6ae388a5ff83,Mental Illness Happy Hour,ENGLISH
a2eee8a6-4737-484f-83f3-b15914289e1d,The Gray Area with Sean Illing,ENGLISH
a384acc9-5448-40f5-92fd-e0a578567dff,Chameleon: Dr. Miracle,ENGLISH
a3e0a6a7-799c-443d-98b0-9987b85f47c4,More Perfect,ENGLISH
a3e44744-9656-43cd-bac4-71652ac4e296,The Bible Recap,ENGLISH
a401266a-0191-4dce-bc46-d78c8e8c2518,Life is Short with Justin Long,ENGLISH
a4f8a3aa-3840-47d9-943e-8cb0f366b4c8,Criminal,ENGLISH
a5051125-9979-44ef-b161-d35c07fcb3a2,Your Mom's House with Christina P. and Tom Segura,ENGLISH
a515af7c-7700-43ac-9859-151d4f6ca275,Hell and Gone,ENGLISH
a56c72b4-86b4-494c-ae83-1472240b4304,Snap Judgment,ENGLISH
a56da4ac-139f-461e-9066-46b8cda8f2b5,Wait Wait... Don't Tell Me!,ENGLISH
a5d8c51f-5857-41c8-bde9-328a093eaf1a,Whine Down with Jana Kramer,ENGLISH
a5e19825-ce42-40bf-8650-86a07bd1d96b,Le Batard & Friends - South Beach Sessions,ENGLISH
a6dbc5c6-139b-4fef-8815-e17865f6d9fa,The Glenn Beck Program,ENGLISH
a6e025f7-a29f-490f-b37c-d7a508d14032,Wicked Words - A True Crime Talk Show with Kate Winkler Dawson,ENGLISH
a7a9b13b-8f58-412d-ac39-9513d95109e6,We're Alive,ENGLISH
a811acf3-679e-4bd5-be3a-18370e8fe8c7,Talk Is Jericho,ENGLISH
a8d54e83-fbe7-470b-bc69-30411b5f7f35,The Black Tapes,ENGLISH
a99d609b-4f05-475c-b86d-864ebe7792ef,Sibling Revelry with Kate Hudson and Oliver Hudson,ENGLISH
a9d1ca7e-7516-4a3d-95a0-24f55bd1d9ae,Potterless,ENGLISH
ab26af7a-af60-4ce8-84ba-1757479a2d4d,Deadline: White House,ENGLISH
ab511825-1919-4796-8c3e-b5399e92c62a,Not Another D&D Podcast,ENGLISH
abd624fd-0d06-4e46-86e5-065e6cb888ea,Something to Wrestle with Bruce Prichard,ENGLISH
ac61454b-ce55-4a73-8f7a-0ed1dff63657,Mobituaries with Mo Rocca,ENGLISH
acecfeb3-7011-4175-a3a0-1f167ced3db4,Short Wave,ENGLISH
aceec459-a2cd-4c0a-8250-2b3089519e7b,Jocko Podcast,ENGLISH
ad505188-2f05-4827-915a-221183dcd6ba,Aaron Mahnke's Cabinet of Curiosities,ENGLISH
adbd03c0-9fbd-49fd-b669-620db786be9a,Tell Em Steve-Dave,ENGLISH
ae037947-6ac1-478c-a37b-6ef06249f0bb,Tin Foil Hat With Sam Tripoli,ENGLISH
ae634a54-4c98-4fbe-98bf-656834fe60e5,Bachelor Happy Hour,ENGLISH
aec839e7-1826-49f9-a236-b6cdb43b0db9,Serialously with Annie Elise,ENGLISH
b005e0c7-32f8-41cf-9b46-197014d1003e,Don't Ask Tig,ENGLISH
b02c2db0-ea68-4e85-9bed-4d6281c160b7,The Weeds,ENGLISH
b09a2f84-3f98-41d5-99a3-021e13a42fcf,Stories Podcast: A Bedtime Show for Kids of All Ages,ENGLISH
b0c45c82-98a0-4934-a63e-570e5493dde2,The Golden Hour,ENGLISH
b113e800-03b4-4c2c-9e5e-03f134afe0d0,Buried Bones - a historical true crime podcast with Kate Winkler Dawson and Paul Holes,ENGLISH
b179d5c8-6c18-4c97-ae68-63843ec21463,The Teacher's Pet,ENGLISH
b2982746-5ca3-40e1-98ce-d6ac2778809b,Sinisterhood,ENGLISH
b2a13eb4-4018-41cc-990d-1b28dda5f241,The Dan Le Batard Show with Stugotz,ENGLISH
b31f7861-1359-41a0-9ecd-517e4b65f04c,The Jordan B. Peterson Podcast,ENGLISH
b3a68f16-5af7-4e1d-954d-c041dabe4a88,Undisputed,ENGLISH
b3ecf41d-885b-4ffb-991c-d30dd465662e,Someone Knows Something,ENGLISH
b446f166-7701-4a7f-a625-aa00f0d533d2,John Solomon Reports,ENGLISH
b45302c1-468b-453c-9f2a-ec076107b7ea,Craig Groeschel Leadership Podcast,ENGLISH
b4b19a01-fd23-46c7-a8dd-3ce31ed127c2,Embedded,ENGLISH
b5ebbe3d-d2e0-43d1-ac41-cb2cb2f67a99,The Bulwark Podcast,ENGLISH
b60f5301-d78c-4164-91ff-5a5563b374ec,The Tony Kornheiser Show,ENGLISH
b62bb530-33ee-4745-8de6-34bf943b0484,Comedy Bang Bang: The Podcast,ENGLISH
b675df93-1b3b-4040-ab8d-d21adf99d683,WHOREible decisions,ENGLISH
b6d3846d-3b40-4ecc-a189-9d595a3fec38,"2 Bears, 1 Cave with Tom Segura & Bert Kreischer",ENGLISH
b700c58d-790a-4a93-b4ae-ce0329f821e3,Rotten Mango,ENGLISH
b74aaa5e-d6c6-4020-b99a-7f802b5a18b2,Strangers,ENGLISH
b79d7d59-8be7-4cd2-bdd1-4390d505fdd0,"Smash Boom Best: A funny, smart debate show for kids and family",ENGLISH
b7de0298-735e-4d7c-a6df-0f65afb6db9e,Legion of Skanks Podcast,ENGLISH
b86b34c5-fe30-400c-a196-31d0c84443bf,Bannon’s War Room,ENGLISH
b9457a84-c582-47bd-9769-4e451871e2e6,The Remnant with Jonah Goldberg,ENGLISH
b9904f17-158b-49eb-93e3-23ae9d9e23f5,Mohr Stories - JayMohr.com,ENGLISH
b9d7efed-2dec-4eac-a43c-f5ce1c605cbf,Blank Check with Griffin & David,ENGLISH
ba00de1f-9bbf-495d-b4ac-651bcaeb6886,The World and Everything In It,ENGLISH
badd7a5b-c121-44c4-8ffd-2e3e9ac191dd,The Mindset Mentor,ENGLISH
bb074200-64c0-47bd-ad27-0b1efae29912,Maintenance Phase,ENGLISH
bb711ef3-f110-4f8c-9558-35003f4ec9fb,ShxtsNGigs,ENGLISH
bb821fe7-2434-4ee5-9aa2-426c880c05b3,Going West: True Crime,ENGLISH
bb9fba77-c692-4cc3-a36f-dcd5d973a504,Grumpy Old Geeks,ENGLISH
bbf3af5b-5d89-49b5-a510-51218a135b38,Ear Hustle,ENGLISH
bc011809-001b-4ed9-809e-5f135e6824b8,"The Chalene Show | Diet, Fitness & Life Balance",ENGLISH
bc21cf97-f854-4e98-bfe3-8530d67417b1,The Best of Car Talk,ENGLISH
bcb3f0ee-90ab-4313-8549-cc8ec9a0ca3e,Serial,ENGLISH
bd88cddb-fc9a-486d-9816-317af838d390,Pardon My Take,ENGLISH
beaa2d32-5b4b-429c-ac1d-e708fa6bd0e4,Oprah’s Master Class: The Podcast,ENGLISH
bf4c502c-b5d6-4c51-b651-57ec57e4703e,Talking Sopranos,ENGLISH
bf72c336-a3b8-494b-ae0c-23f62b769b68,The Andrew Klavan Show,ENGLISH
bf8a35d2-30ff-4b98-81a1-813191eef064,Ari Shaffir's Skeptic Tank,ENGLISH
bfc286c7-24be-42c1-a273-996de936f85e,Binge Mode: Marvel,ENGLISH
bfe2e81a-69c1-4f35-8c95-01ae677da6d4,Marketplace,ENGLISH
c0ed39fc-3410-43ab-ac49-a1bad6ae9014,How Did This Get Made?,ENGLISH
c2243cdf-2bd1-473e-b4b5-4ac872373559,What If World - Stories for Kids,ENGLISH
c26df375-6591-4056-b7f7-598288e52716,The Fr. Mike Schmitz Catholic Podcast,ENGLISH
c37d3f74-98b6-4e3a-b5b9-16112627c4ac,Hold These Truths with Dan Crenshaw,ENGLISH
c43f609a-61ae-40c9-9831-c90caea85f60,Keep It!,ENGLISH
c48cd7ae-8b80-4dc4-b02c-5e0a70975b5a,Lights Camera Barstool,ENGLISH
c49523ba-6d1f-4931-9134-7abbab9ea5eb,Unobscured,ENGLISH
c4b7bbc7-b11a-4f97-bf9a-e7a6715561df,the memory palace,ENGLISH
c5000a5a-ad47-4956-a17a-c88ab181346c,The Rest Is History,ENGLISH
c556939a-ec4e-47d7-b65b-4fad61359af3,This is Love,ENGLISH
c5dc3a85-854a-4744-83d6-af70720a67d7,Behind the Bastards,ENGLISH
c66143ce-e587-409d-98d5-aec4259d47d4,90 Days with Ana Marie Cox,ENGLISH
c68a9ebc-0618-4955-a175-609d5b2bd742,All In,ENGLISH
c69782fb-27fe-4adb-afbf-c54555a8e1d6,How Did I Get Here? w/ Jae and AleXa,ENGLISH
c72f490a-102a-4bd8-b5da-406af4d5d2c2,The Dr. John Delony Show,ENGLISH
c86d311c-0744-4f6b-9e29-3317d9626a37,Lore,ENGLISH
c952685b-6476-4a9e-8139-e872ad1a2c34,Culpable,ENGLISH
c9711d5d-4477-4ffa-a14f-f98a28f49294,Reality Gays with Mattie and Poodle,ENGLISH
c977a2b2-7b30-400a-b62f-08af625f99e6,Andrea Savage: A Grown-Up Woman #buttholes,ENGLISH
c9d9a444-f2b1-4889-85cd-8e7c11af4399,Your Mom & Dad,ENGLISH
ca8eed54-3d5c-4008-b548-fd9e4b6ea789,The Cold War: What We Saw,ENGLISH
ca9239f1-011c-4b28-af00-82871d044d3a,The Nikki & Brie Show,ENGLISH
ca9710a0-3fe1-4c4b-a78d-de0f019c6c2a,Club Shay Shay,ENGLISH
cb435fae-e293-49f9-8b08-b39b0e62980a,Race Chaser with Alaska & Willam,ENGLISH
cb8d858a-3ef4-4645-8942-67e55c0927f2,The Daily,ENGLISH
cbce2a84-3126-41d2-8116-a70f7ba9cda7,Baby Mamas No Drama with Kail Lowry & Vee Rivera,ENGLISH
cc17a962-3125-432d-86e8-ba9661ab3f1e,The Generation Why Podcast,ENGLISH
cc4c7683-7f71-43cf-bdf4-b74a4f41c22f,Root of Evil: The True Story of the Hodel Family and the Black Dahlia,ENGLISH
ccd308a6-2c1e-4d97-9cd5-c2dbc2e737df,Armchair Expert with Dax Shepard,ENGLISH
ccf75f64-8938-473b-baab-8212a02722b5,Verdict with Ted Cruz,ENGLISH
cd3b7d04-ae66-470b-bccb-f5fd6e18048b,Missing & Murdered: Finding Cleo,ENGLISH
cd40c751-0a38-4f7f-93f0-8e809de54b5d,Know Your Aura with Mystic Michaela,ENGLISH
cdc592fc-321e-4039-8ed2-ca4288416230,The History of English Podcast,ENGLISH
cdddcc43-68f2-4225-bd70-9204cfe734c6,Pivot,ENGLISH
ce131e5f-7aca-432a-93f0-162dd8e9c53b,That's Messed Up: An SVU Podcast,ENGLISH
ce2d3355-4504-49c5-b8f7-8c141d623c27,Heartland Radio: Presented by The Pat McAfee Show,ENGLISH
cef09616-8502-447b-b2ac-5b695406fda1,Just B with Bethenny Frankel,ENGLISH
cfe1f966-3e4c-444f-90dc-255f36883043,The Prosecutors,ENGLISH
d0911f57-c439-49d2-aed5-95d148d1d92d,Pastor Rick's Daily Hope,ENGLISH
d139c7b3-74f2-4d3d-a7f4-e09a99c75f6d,FantasyPros - Fantasy Football Podcast,ENGLISH
d1ac22fa-398b-4c3e-a314-44ceea2444a2,The Viall Files,ENGLISH
d203ba8d-b67b-44ad-adbd-1044f184c150,The Human Upgrade with Dave Asprey,ENGLISH
d22aacd3-8a87-40e1-a3b8-d455cdd07df7,DISGRACELAND,ENGLISH
d2abc3c3-a84c-4e8d-9009-779d0f916e6c,The Ringer NBA Show,ENGLISH
d2ca1978-9e28-4d1f-8a9b-205fd09e26bf,Brains On! Science podcast for kids,ENGLISH
d2ccf154-b48b-4b35-99b0-42aa2768e96a,GOONS,ENGLISH
d2dd467a-4b84-4e57-8a20-b66703be2368,The Ryen Russillo Podcast,ENGLISH
d33018dd-f7f4-4305-8a07-0f31f457a0c9,Give Them Lala,ENGLISH
d38bcb97-de2d-4b22-912a-d258c072590e,Fantasy Footballers - Fantasy Football Podcast,ENGLISH
d3ef1c1e-112a-40fb-8341-72eeef4fc680,Andrew Schulz's Flagrant with Akaash Singh,ENGLISH
d4daf265-ad78-4792-b03c-8f816b062a7f,Impaulsive with Logan Paul,ENGLISH
d56b1de0-d429-4d40-a276-49ecea30a06c,The Bright Sessions,ENGLISH
d56cb559-cb1b-43d8-b653-5819f3b8e8d0,American History Tellers,ENGLISH
d571b312-a43e-409d-bd27-62939b48f241,Bitch Bible,ENGLISH
d64dde5b-1da6-40f3-a3e6-c4f1cd1ea206,Moms and Mysteries: A True Crime Podcast,ENGLISH
d7dd8381-9b75-463a-ab5f-649a6598b4e5,Where Should We Begin? with Esther Perel,ENGLISH
d87ca344-dedf-4c69-ab47-ae58c0e4a462,Victory the Podcast,ENGLISH
d8e1415d-3dfd-46ab-a8b6-96f1394a39d8,Fantastic Geeks,ENGLISH
da7ad793-63c5-435e-8b29-6113caa23e65,Daily Radio Program with Charles Stanley - In Touch Ministries,ENGLISH
db227b13-9e42-4991-955d-62524f41db2f,The Herd with Colin Cowherd,ENGLISH
db43889f-c981-45df-bb3f-3a93e329d750,The Dale Jr. Download,ENGLISH
db9c4ef6-8852-4f36-ba3a-ab38539691ad,Cold Case Files,ENGLISH
dcb8c0f0-d492-4b76-9478-c483a5940e2d,The Tim Dillon Show,ENGLISH
dcd0a203-679a-4304-b5ea-d7583fe5be57,Rough Translation,ENGLISH
ddb8fc4a-969c-4eab-8970-66d268067f24,Borrasca,ENGLISH
de499995-5b9f-44fe-9cac-01ab02ec5127,Invisibilia,ENGLISH
de7ecc53-b64e-49ed-ab7b-ff8887a9cc59,Dr. Death,ENGLISH
de986fd4-8168-4ece-ae50-8aa861b717b9,"Terrible, Thanks For Asking",ENGLISH
deecd181-d0d9-465d-b559-a769623ea0c2,You Made It Weird with Pete Holmes,ENGLISH
df160016-207b-42ca-a80b-7c7780911043,Critical Role,ENGLISH
df262fa7-2c6c-489c-bbb7-4940a7581792,Hidden Brain,ENGLISH
df6afafd-92b1-472d-88d5-967ef4bd588b,Nothing much happens: bedtime stories to help you sleep,ENGLISH
e0183896-f666-4791-bf85-09073890c751,The Dollop with Dave Anthony and Gareth Reynolds,ENGLISH
e02ffac2-4a0e-4c6d-a42a-c59d02fe37bc,StarTalk Radio,ENGLISH
e0f99efb-cf12-4ae8-bd0a-7377857f771e,Joyce Meyer Enjoying Everyday Life® Radio Podcast,ENGLISH
e15118f4-ba1c-41bd-9880-2d89a12f1afa,Sawbones: A Marital Tour of Misguided Medicine,ENGLISH
e18df687-03bf-4b1e-ac3b-fac2017637f2,Something Was Wrong,ENGLISH
e2464b71-8c2c-40c0-8245-645f1093bebd,Mike Drop,ENGLISH
e248e601-c956-44c7-8f69-44d2f6dd04fa,The Drew Lane Show,ENGLISH
e25a5465-c7f3-4ae1-8046-6ada9868510e,Why Is This Happening? The Chris Hayes Podcast,ENGLISH
e2879cd0-e012-46a4-aa92-93acae015ccd,Ear Biscuits with Rhett & Link,ENGLISH
e357a8c7-c116-46d7-ae27-96411fcc3bdd,Real Christianity,ENGLISH
e36d4ab2-efa5-43a5-b133-f344b0f257dd,Small Town Murder,ENGLISH
e4115c7b-1d66-463a-997b-23c6da1721ef,Very Presidential with Ashley Flowers,ENGLISH
e41437ab-f3a6-4d5a-a8a1-de36bbdf1904,SnapBack Sports Pod,ENGLISH
e4ec0650-eead-4b63-a434-47222e46d415,Hacks On Tap,ENGLISH
e505e31c-7e1c-43f0-8cd6-218ea0f32325,Made For This with Jennie Allen,ENGLISH
e53b192d-d787-4748-817a-16f4d5a09c6f,Get Sleepy: Sleep meditation and stories,ENGLISH
e5942dc9-320b-4e35-aa5b-3aa99878138f,The Lawfare Podcast,ENGLISH
e59d5230-096d-47ad-a801-a872cf9f06c0,TANIS,ENGLISH
e61f8304-2ecd-4b75-ad63-4eb7e5a16cfd,Majority 54,ENGLISH
e6753579-72bf-4b4d-9c49-bf1ec1c69976,Cal of the Wild,ENGLISH
e67bcefb-186a-4609-b2df-fcf6e56b7b24,The Joe Budden Podcast,ENGLISH
e7dba012-90db-4ed5-b2eb-71aa24e1a074,Higher Learning with Van Lathan and Rachel Lindsay,ENGLISH
e8596c5f-df61-4ab2-ac7f-32406de88534,American Fiasco,ENGLISH
e8710134-bbf1-4f44-b0e1-d56ebb30ce0a,The Anthropocene Reviewed,ENGLISH
e91e0d4a-5250-4337-ae89-ecc38948e6b4,With The Perrys,ENGLISH
e92b8913-b336-4349-82d2-746bcbae9f9e,Order of Man,ENGLISH
e9ff976a-b35c-4b7e-bf6a-903c35a06d31,The MeatEater Podcast,ENGLISH
ea1a0f65-7d81-4d4d-8dd9-6629e33658b7,Man In The Window: The Golden State Killer,ENGLISH
ea7495d0-c146-4059-86a7-ea9a8acb6dad,Do No Harm,ENGLISH
ea875e2a-4163-4581-ba03-7f82956ecc68,ID10T with Chris Hardwick,ENGLISH
eb57c922-d63d-42ae-adc8-472cfc3563b0,The Wilderness,ENGLISH
ec96a4cc-e7c9-4da3-a4a9-51a41f5005fa,Detective Trapp,ENGLISH
eced78c5-9621-415a-a4d1-7e54b4bec98f,Ologies with Alie Ward,ENGLISH
ed18add1-e328-43e7-b4cd-a5c17ea42553,On Being with Krista Tippett,ENGLISH
ed20eb1d-a3dc-4feb-88ef-1552c7ce32a9,Stuff They Don't Want You To Know,ENGLISH
ed28dadc-bb5d-46f1-800b-18892d368b1f,Intercepted,ENGLISH
ed61dc7b-b3de-4b80-b99d-635a1da0da54,Doug Loves Movies,ENGLISH
ed620bcd-6cb4-4b96-8073-d05478629bf4,The Nateland Podcast,ENGLISH
ed9dc9d4-590d-4a0c-aa52-3125d7b9b84a,The Kirk Minihane Show,ENGLISH
edab365a-3c42-4fbe-b90e-f131eb69ed63,The Popcast With Knox and Jamie,ENGLISH
edb3403f-9956-481e-9c0c-c38f1de0b132,Very Really Good,ENGLISH
ee7a57c5-aab9-4b1d-8d62-7f404115af74,In The Dark,ENGLISH
ef45bb80-8360-4f84-a9da-5253a0916065,Wine & Crime,ENGLISH
efafd3b8-de10-4c74-be68-d0b9f3c215ee,Guys We F****d,ENGLISH
f07404fb-90e0-4e37-be2f-ac68a84a5c00,Spitballers Comedy Podcast,ENGLISH
f07cd037-08d8-4ff3-877a-4a317c0f8c3e,Deeper with The Dolan Twins,ENGLISH
f08f8a79-d1e5-4e1c-a66b-837b4cc2ea60,Everything Iconic with Danny Pellegrino,ENGLISH
f29530c0-7050-42af-9702-fbc4b3bf878f,The Thom & Hawk Football Show,ENGLISH
f2c7d549-4453-4846-939a-f7078225bb25,Bertcast,ENGLISH
f3ecd2fc-3be7-4cb9-9849-98c698fa2454,The Art of Charm,ENGLISH
f442025b-5c03-447a-817a-655269dddf28,Borrowed Future,ENGLISH
f579e3fa-56e1-4f03-bcdc-8e615f18a694,Inside of You with Michael Rosenbaum,ENGLISH
f5b3938b-45d9-419f-8393-2d28f5f42f57,Here's The Thing,ENGLISH
f6acc101-384d-4ba2-bdc7-5c0b4f462163,WTOP’s American Nightmare Series,ENGLISH
f700384e-fdad-4540-b82a-2ffd24d3d889,This Land,ENGLISH
f7233f14-d65c-4ae1-8561-453546623372,Joel Osteen Podcast,ENGLISH
f7463656-61c7-4286-bab7-03a1eb65dfec,Risen Motherhood,ENGLISH
f7d423a7-c218-458c-9869-0456244c6c56,Nice White Parents,ENGLISH
f7ff438c-9c2c-411d-82dc-0586478d93d7,The Pete and Sebastian Show,ENGLISH
f815d6e4-bfb8-4c05-9c89-481ed501bcde,Bussin' With The Boys,ENGLISH
f82a281d-9333-4642-9110-3824938f9585,Blood Ties,ENGLISH
f8d0e99e-2574-4cbf-ba36-12c3b9383eb6,Bag Man,ENGLISH
f8de4489-7054-4ce1-9325-87fb4a69e123,Stuff You Should Know,ENGLISH
f9209283-9716-46be-b59d-ef9a4c94e70d,Not Too Deep with Grace Helbig,ENGLISH
f94031e8-8e4d-4b12-b7eb-ecd237c68536,Adam Carolla Show,ENGLISH
fa2341fd-76e9-475b-b441-f3059a687f5a,Hello From The Magic Tavern,ENGLISH
fae14456-2b2d-4b26-a43c-b911de5ec232,The Mina Kimes Show featuring Lenny,ENGLISH
faffffbb-8668-452e-a3c4-d2654002c070,The Ron Burgundy Podcast,ENGLISH
fc3c8bb1-1b2a-4619-a029-8866610ae292,Crime Junkie,ENGLISH
fce15eb5-62b2-4c6a-bf76-360c266c1b37,The Fighter & The Kid,ENGLISH