b9904f17-158b-49eb-93e3-23ae9d9e23f5,Mohr Stories - JayMohr.com,ENGLISH
b9d7efed-2dec-4eac-a43c-f5ce1c605cbf,Blank Check with Griffin & David,ENGLISH
ba00de1f-9bbf-495d-b4ac-651bcaeb6886,The World and Everything In It,ENGLISH
badd7a5b-c121-44c4-8ffd-2e3e9ac191dd,The Mindset Mentor,ENGLISH
bb074200-64c0-47bd-ad27-0b1efae29912,Maintenance Phase,ENGLISH
bb711ef3-f110-4f8c-9558-35003f4ec9fb,ShxtsNGigs,ENGLISH
bb821fe7-2434-4ee5-9aa2-426c880c05b3,Going West: True Crime,ENGLISH
bb9fba77-c692-4cc3-a36f-dcd5d973a504,Grumpy Old Geeks,ENGLISH
bbf3af5b-5d89-49b5-a510-51218a135b38,Ear Hustle,ENGLISH
bc011809-001b-4ed9-809e-5f135e6824b8,"The Chalene Show | Diet, Fitness & Life Balance",ENGLISH
bc21cf97-f854-4e98-bfe3-8530d67417b1,The Best of Car Talk,ENGLISH
bcb3f0ee-90ab-4313-8549-cc8ec9a0ca3e,Serial,ENGLISH
bd88cddb-fc9a-486d-9816-317af838d390,Pardon My Take,ENGLISH
beaa2d32-5b4b-429c-ac1d-e708fa6bd0e4,Oprah’s Master Class: The Podcast,ENGLISH
bf4c502c-b5d6-4c51-b651-57ec57e4703e,Talking Sopranos,ENGLISH
bf72c336-a3b8-494b-ae0c-23f62b769b68,The Andrew Klavan Show,ENGLISH
bf8a35d2-30ff-4b98-81a1-813191eef064,Ari Shaffir's Skeptic Tank,ENGLISH
bfc286c7-24be-42c1-a273-996de936f85e,Binge Mode: Marvel,ENGLISH
bfe2e81a-69c1-4f35-8c95-01ae677da6d4,Marketplace,ENGLISH
c0ed39fc-3410-43ab-ac49-a1bad6ae9014,How Did This Get Made?,ENGLISH
c2243cdf-2bd1-473e-b4b5-4ac872373559,What If World - Stories for Kids,ENGLISH
c26df375-6591-4056-b7f7-598288e52716,The Fr. Mike Schmitz Catholic Podcast,ENGLISH
c37d3f74-98b6-4e3a-b5b9-16112627c4ac,Hold These Truths with Dan Crenshaw,ENGLISH
c43f609a-61ae-40c9-9831-c90caea85f60,Keep It!,ENGLISH
c48cd7ae-8b80-4dc4-b02c-5e0a70975b5a,Lights Camera Barstool,ENGLISH
c49523ba-6d1f-4931-9134-7abbab9ea5eb,Unobscured,ENGLISH
c4b7bbc7-b11a-4f97-bf9a-e7a6715561df,the memory palace,ENGLISH
c5000a5a-ad47-4956-a17a-c88ab181346c,The Rest Is History,ENGLISH
c556939a-ec4e-47d7-b65b-4fad61359af3,This is Love,ENGLISH
c5dc3a85-854a-4744-83d6-af70720a67d7,Behind the Bastards,ENGLISH
c66143ce-e587-409d-98d5-aec4259d47d4,90 Days with Ana Marie Cox,ENGLISH
c68a9ebc-0618-4955-a175-609d5b2bd742,All In,ENGLISH
c69782fb-27fe-4adb-afbf-c54555a8e1d6,How Did I Get Here? w/ Jae and AleXa,ENGLISH
c72f490a-102a-4bd8-b5da-406af4d5d2c2,The Dr. John Delony Show,ENGLISH
c86d311c-0744-4f6b-9e29-3317d9626a37,Lore,ENGLISH
c952685b-6476-4a9e-8139-e872ad1a2c34,Culpable,ENGLISH
c9711d5d-4477-4ffa-a14f-f98a28f49294,Reality Gays with Mattie and Poodle,ENGLISH
c977a2b2-7b30-400a-b62f-08af625f99e6,Andrea Savage: A Grown-Up Woman #buttholes,ENGLISH
c9d9a444-f2b1-4889-85cd-8e7c11af4399,Your Mom & Dad,ENGLISH
ca8eed54-3d5c-4008-b548-fd9e4b6ea789,The Cold War: What We Saw,ENGLISH
ca9239f1-011c-4b28-af00-82871d044d3a,The Nikki & Brie Show,ENGLISH
ca9710a0-3fe1-4c4b-a78d-de0f019c6c2a,Club Shay Shay,ENGLISH
cb435fae-e293-49f9-8b08-b39b0e62980a,Race Chaser with Alaska & Willam,ENGLISH
cb8d858a-3ef4-4645-8942-67e55c0927f2,The Daily,ENGLISH
cbce2a84-3126-41d2-8116-a70f7ba9cda7,Baby Mamas No Drama with Kail Lowry & Vee Rivera,ENGLISH
cc17a962-3125-432d-86e8-ba9661ab3f1e,The Generation Why Podcast,ENGLISH
cc4c7683-7f71-43cf-bdf4-b74a4f41c22f,Root of Evil: The True Story of the Hodel Family and the Black Dahlia,ENGLISH
ccd308a6-2c1e-4d97-9cd5-c2dbc2e737df,Armchair Expert with Dax Shepard,ENGLISH
ccf75f64-8938-473b-baab-8212a02722b5,Verdict with Ted Cruz,ENGLISH
cd3b7d04-ae66-470b-bccb-f5fd6e18048b,Missing & Murdered: Finding Cleo,ENGLISH
cd40c751-0a38-4f7f-93f0-8e809de54b5d,Know Your Aura with Mystic Michaela,ENGLISH
cdc592fc-321e-4039-8ed2-ca4288416230,The History of English Podcast,ENGLISH
cdddcc43-68f2-4225-bd70-9204cfe734c6,Pivot,ENGLISH
ce131e5f-7aca-432a-93f0-162dd8e9c53b,That's Messed Up: An SVU Podcast,ENGLISH
ce2d3355-4504-49c5-b8f7-8c141d623c27,Heartland Radio: Presented by The Pat McAfee Show,ENGLISH
cef09616-8502-447b-b2ac-5b695406fda1,Just B with Bethenny Frankel,ENGLISH
cfe1f966-3e4c-444f-90dc-255f36883043,The Prosecutors,ENGLISH
d0911f57-c439-49d2-aed5-95d148d1d92d,Pastor Rick's Daily Hope,ENGLISH
d139c7b3-74f2-4d3d-a7f4-e09a99c75f6d,FantasyPros - Fantasy Football Podcast,ENGLISH
d1ac22fa-398b-4c3e-a314-44ceea2444a2,The Viall Files,ENGLISH
d203ba8d-b67b-44ad-adbd-1044f184c150,The Human Upgrade with Dave Asprey,ENGLISH
d22aacd3-8a87-40e1-a3b8-d455cdd07df7,DISGRACELAND,ENGLISH
d2abc3c3-a84c-4e8d-9009-779d0f916e6c,The Ringer NBA Show,ENGLISH
d2ca1978-9e28-4d1f-8a9b-205fd09e26bf,Brains On! Science podcast for kids,ENGLISH
d2ccf154-b48b-4b35-99b0-42aa2768e96a,GOONS,ENGLISH
d2dd467a-4b84-4e57-8a20-b66703be2368,The Ryen Russillo Podcast,ENGLISH
d33018dd-f7f4-4305-8a07-0f31f457a0c9,Give Them Lala,ENGLISH
d38bcb97-de2d-4b22-912a-d258c072590e,Fantasy Footballers - Fantasy Football Podcast,ENGLISH
d3ef1c1e-112a-40fb-8341-72eeef4fc680,Andrew Schulz's Flagrant with Akaash Singh,ENGLISH
d4daf265-ad78-4792-b03c-8f816b062a7f,Impaulsive with Logan Paul,ENGLISH
d56b1de0-d429-4d40-a276-49ecea30a06c,The Bright Sessions,ENGLISH
d56cb559-cb1b-43d8-b653-5819f3b8e8d0,American History Tellers,ENGLISH
d571b312-a43e-409d-bd27-62939b48f241,Bitch Bible,ENGLISH
d64dde5b-1da6-40f3-a3e6-c4f1cd1ea206,Moms and Mysteries: A True Crime Podcast,ENGLISH
d7dd8381-9b75-463a-ab5f-649a6598b4e5,Where Should We Begin? with Esther Perel,ENGLISH
d87ca344-dedf-4c69-ab47-ae58c0e4a462,Victory the Podcast,ENGLISH
d8e1415d-3dfd-46ab-a8b6-96f1394a39d8,Fantastic Geeks,ENGLISH
da7ad793-63c5-435e-8b29-6113caa23e65,Daily Radio Program with Charles Stanley - In Touch Ministries,ENGLISH
db227b13-9e42-4991-955d-62524f41db2f,The Herd with Colin Cowherd,ENGLISH
db43889f-c981-45df-bb3f-3a93e329d750,The Dale Jr. Download,ENGLISH
db9c4ef6-8852-4f36-ba3a-ab38539691ad,Cold Case Files,ENGLISH
dcb8c0f0-d492-4b76-9478-c483a5940e2d,The Tim Dillon Show,ENGLISH
dcd0a203-679a-4304-b5ea-d7583fe5be57,Rough Translation,ENGLISH
ddb8fc4a-969c-4eab-8970-66d268067f24,Borrasca,ENGLISH
de499995-5b9f-44fe-9cac-01ab02ec5127,Invisibilia,ENGLISH
de7ecc53-b64e-49ed-ab7b-ff8887a9cc59,Dr. Death,ENGLISH
de986fd4-8168-4ece-ae50-8aa861b717b9,"Terrible, Thanks For Asking",ENGLISH
deecd181-d0d9-465d-b559-a769623ea0c2,You Made It Weird with Pete Holmes,ENGLISH
df160016-207b-42ca-a80b-7c7780911043,Critical Role,ENGLISH
df262fa7-2c6c-489c-bbb7-4940a7581792,Hidden Brain,ENGLISH
df6afafd-92b1-472d-88d5-967ef4bd588b,Nothing much happens: bedtime stories to help you sleep,ENGLISH
e0183896-f666-4791-bf85-09073890c751,The Dollop with Dave Anthony and Gareth Reynolds,ENGLISH
e02ffac2-4a0e-4c6d-a42a-c59d02fe37bc,StarTalk Radio,ENGLISH
e0f99efb-cf12-4ae8-bd0a-7377857f771e,Joyce Meyer Enjoying Everyday Life® Radio Podcast,ENGLISH
e15118f4-ba1c-41bd-9880-2d89a12f1afa,Sawbones: A Marital Tour of Misguided Medicine,ENGLISH
e18df687-03bf-4b1e-ac3b-fac2017637f2,Something Was Wrong,ENGLISH
e2464b71-8c2c-40c0-8245-645f1093bebd,Mike Drop,ENGLISH
e248e601-c956-44c7-8f69-44d2f6dd04fa,The Drew Lane Show,ENGLISH
e25a5465-c7f3-4ae1-8046-6ada9868510e,Why Is This Happening? The Chris Hayes Podcast,ENGLISH
e2879cd0-e012-46a4-aa92-93acae015ccd,Ear Biscuits with Rhett & Link,ENGLISH
e357a8c7-c116-46d7-ae27-96411fcc3bdd,Real Christianity,ENGLISH
e36d4ab2-efa5-43a5-b133-f344b0f257dd,Small Town Murder,ENGLISH
e4115c7b-1d66-463a-997b-23c6da1721ef,Very Presidential with Ashley Flowers,ENGLISH
e41437ab-f3a6-4d5a-a8a1-de36bbdf1904,SnapBack Sports Pod,ENGLISH
e4ec0650-eead-4b63-a434-47222e46d415,Hacks On Tap,ENGLISH
e505e31c-7e1c-43f0-8cd6-218ea0f32325,Made For This with Jennie Allen,ENGLISH
e53b192d-d787-4748-817a-16f4d5a09c6f,Get Sleepy: Sleep meditation and stories,ENGLISH
e5942dc9-320b-4e35-aa5b-3aa99878138f,The Lawfare Podcast,ENGLISH
e59d5230-096d-47ad-a801-a872cf9f06c0,TANIS,ENGLISH
e61f8304-2ecd-4b75-ad63-4eb7e5a16cfd,Majority 54,ENGLISH
e6753579-72bf-4b4d-9c49-bf1ec1c69976,Cal of the Wild,ENGLISH
e67bcefb-186a-4609-b2df-fcf6e56b7b24,The Joe Budden Podcast,ENGLISH
e7dba012-90db-4ed5-b2eb-71aa24e1a074,Higher Learning with Van Lathan and Rachel Lindsay,ENGLISH
e8596c5f-df61-4ab2-ac7f-32406de88534,American Fiasco,ENGLISH
e8710134-bbf1-4f44-b0e1-d56ebb30ce0a,The Anthropocene Reviewed,ENGLISH
e91e0d4a-5250-4337-ae89-ecc38948e6b4,With The Perrys,ENGLISH
e92b8913-b336-4349-82d2-746bcbae9f9e,Order of Man,ENGLISH
e9ff976a-b35c-4b7e-bf6a-903c35a06d31,The MeatEater Podcast,ENGLISH
ea1a0f65-7d81-4d4d-8dd9-6629e33658b7,Man In The Window: The Golden State Killer,ENGLISH
ea7495d0-c146-4059-86a7-ea9a8acb6dad,Do No Harm,ENGLISH
ea875e2a-4163-4581-ba03-7f82956ecc68,ID10T with Chris Hardwick,ENGLISH
eb57c922-d63d-42ae-adc8-472cfc3563b0,The Wilderness,ENGLISH
ec96a4cc-e7c9-4da3-a4a9-51a41f5005fa,Detective Trapp,ENGLISH
eced78c5-9621-415a-a4d1-7e54b4bec98f,Ologies with Alie Ward,ENGLISH
ed18add1-e328-43e7-b4cd-a5c17ea42553,On Being with Krista Tippett,ENGLISH
ed20eb1d-a3dc-4feb-88ef-1552c7ce32a9,Stuff They Don't Want You To Know,ENGLISH
ed28dadc-bb5d-46f1-800b-18892d368b1f,Intercepted,ENGLISH
ed61dc7b-b3de-4b80-b99d-635a1da0da54,Doug Loves Movies,ENGLISH
ed620bcd-6cb4-4b96-8073-d05478629bf4,The Nateland Podcast,ENGLISH
ed9dc9d4-590d-4a0c-aa52-3125d7b9b84a,The Kirk Minihane Show,ENGLISH
edab365a-3c42-4fbe-b90e-f131eb69ed63,The Popcast With Knox and Jamie,ENGLISH
edb3403f-9956-481e-9c0c-c38f1de0b132,Very Really Good,ENGLISH
ee7a57c5-aab9-4b1d-8d62-7f404115af74,In The Dark,ENGLISH
ef45bb80-8360-4f84-a9da-5253a0916065,Wine & Crime,ENGLISH
efafd3b8-de10-4c74-be68-d0b9f3c215ee,Guys We F****d,ENGLISH
f07404fb-90e0-4e37-be2f-ac68a84a5c00,Spitballers Comedy Podcast,ENGLISH
f07cd037-08d8-4ff3-877a-4a317c0f8c3e,Deeper with The Dolan Twins,ENGLISH
f08f8a79-d1e5-4e1c-a66b-837b4cc2ea60,Everything Iconic with Danny Pellegrino,ENGLISH
f29530c0-7050-42af-9702-fbc4b3bf878f,The Thom & Hawk Football Show,ENGLISH
f2c7d549-4453-4846-939a-f7078225bb25,Bertcast,ENGLISH
f3ecd2fc-3be7-4cb9-9849-98c698fa2454,The Art of Charm,ENGLISH
f442025b-5c03-447a-817a-655269dddf28,Borrowed Future,ENGLISH
f579e3fa-56e1-4f03-bcdc-8e615f18a694,Inside of You with Michael Rosenbaum,ENGLISH
f5b3938b-45d9-419f-8393-2d28f5f42f57,Here's The Thing,ENGLISH
f6acc101-384d-4ba2-bdc7-5c0b4f462163,WTOP’s American Nightmare Series,ENGLISH
f700384e-fdad-4540-b82a-2ffd24d3d889,This Land,ENGLISH
f7233f14-d65c-4ae1-8561-453546623372,Joel Osteen Podcast,ENGLISH
f7463656-61c7-4286-bab7-03a1eb65dfec,Risen Motherhood,ENGLISH
f7d423a7-c218-458c-9869-0456244c6c56,Nice White Parents,ENGLISH
f7ff438c-9c2c-411d-82dc-0586478d93d7,The Pete and Sebastian Show,ENGLISH
f815d6e4-bfb8-4c05-9c89-481ed501bcde,Bussin' With The Boys,ENGLISH
f82a281d-9333-4642-9110-3824938f9585,Blood Ties,ENGLISH
f8d0e99e-2574-4cbf-ba36-12c3b9383eb6,Bag Man,ENGLISH
f8de4489-7054-4ce1-9325-87fb4a69e123,Stuff You Should Know,ENGLISH
f9209283-9716-46be-b59d-ef9a4c94e70d,Not Too Deep with Grace Helbig,ENGLISH
f94031e8-8e4d-4b12-b7eb-ecd237c68536,Adam Carolla Show,ENGLISH
fa2341fd-76e9-475b-b441-f3059a687f5a,Hello From The Magic Tavern,ENGLISH
fae14456-2b2d-4b26-a43c-b911de5ec232,The Mina Kimes Show featuring Lenny,ENGLISH
faffffbb-8668-452e-a3c4-d2654002c070,The Ron Burgundy Podcast,ENGLISH
fc3c8bb1-1b2a-4619-a029-8866610ae292,Crime Junkie,ENGLISH
fce15eb5-62b2-4c6a-bf76-360c266c1b37,The Fighter & The Kid,ENGLISH